Species,Shorthand,P,A,L,MIC_mean,MIC_se,Num_of_mutations
Ec1,WT,0,0,0,11.34485068,0,0
Ec1,P,1,0,0,16.04473563,0,1
Ec1,A,0,1,0,13.96598715,0,1
Ec1,L,0,0,1,21.18771588,0,1
Ec1,PA,1,1,0,18.95551653,0,2
Ec1,PL,1,0,1,21.17930229,0,2
Ec1,AL,0,1,1,20.98470789,0,2
Ec1,PAL,1,1,1,19.99294698,0,3
Ec2,WT,0,0,0,11.09995429,0,0
Ec2,P,1,0,0,15.37999594,0,1
Ec2,A,0,1,0,9.765286099,0,1
Ec2,L,0,0,1,19.24593389,0,1
Ec2,PA,1,1,0,19.79115056,0,2
Ec2,PL,1,0,1,18.6640731,0,2
Ec2,AL,0,1,1,19.49973885,0,2
Ec2,PAL,1,1,1,20.74925311,0,3
Ec3,WT,0,0,0,12.51477569,0,0
Ec3,P,1,0,0,16.71949912,0,1
Ec3,A,0,1,0,11.15787743,0,1
Ec3,L,0,0,1,19.93156857,0,1
Ec3,PA,1,1,0,19.07249443,0,2
Ec3,PL,1,0,1,20.79427961,0,2
Ec3,AL,0,1,1,21.73223959,0,2
Ec3,PAL,1,1,1,22.17558861,0,3