hosts,P,A,L,fit.1,MIC_se,Num_of_mutations,fit.1.not.logroot2
Ec1,0,0,0,11.34485068,0,0,51
Ec1,1,0,0,16.04473563,0,1,260
Ec1,0,1,0,13.96598715,0,1,126.5
Ec1,0,0,1,21.18771588,0,1,1545.5
Ec1,1,1,0,18.95551653,0,2,713
Ec1,1,0,1,21.17930229,0,2,1541
Ec1,0,1,1,20.98470789,0,2,1440.5
Ec1,1,1,1,19.99294698,0,3,1021.5
Ec2,0,0,0,11.09995429,0,0,46.85
Ec2,1,0,0,15.37999594,0,1,206.5
Ec2,0,1,0,9.765286099,0,1,29.5
Ec2,0,0,1,19.24593389,0,1,788.5
Ec2,1,1,0,19.79115056,0,2,952.5
Ec2,1,0,1,18.6640731,0,2,644.5
Ec2,0,1,1,19.49973885,0,2,861
Ec2,1,1,1,20.74925311,0,3,1327.62
Ec3,0,0,0,12.51477569,0,0,76.5
Ec3,1,0,0,16.71949912,0,1,328.5
Ec3,0,1,0,11.15787743,0,1,47.8
Ec3,0,0,1,19.93156857,0,1,1000
Ec3,1,1,0,19.07249443,0,2,742.5
Ec3,1,0,1,20.79427961,0,2,1348.5
Ec3,0,1,1,21.73223959,0,2,1866.5
Ec3,1,1,1,22.17558861,0,3,2176.5